{
  "project_info": {
    "project_number": "953686976076",
    "project_id": "pokemon-app-d8f9b",
    "storage_bucket": "pokemon-app-d8f9b.firebasestorage.app"
  },
  "client": [
    {
      "client_info": {
        "mobilesdk_app_id": "1:953686976076:android:db42c3b103f6130d5db6e9",
        "android_client_info": {
          "package_name": "om.example.pokemon_app"
        }
      },
      "oauth_client": [],
      "api_key": [
        {
          "current_key": "AIzaSyAbiBwv1ABFIMNrADqy8ocJ0iE4fq4FOwo"
        }
      ],
      "services": {
        "appinvite_service": {
          "other_platform_oauth_client": []
        }
      }
    }
  ],
  "configuration_version": "1"
}